AA,Codon,Posterior,0.025%,0.975%
A,GCA,-0.787552312850952,-0.843867954115073,-0.731942465404669
A,GCC,0.523488380968571,0.489909368753433,0.556630620360374
A,GCG,0.027695897544835,-0.103405571356416,0.146188506235679
C,TGC,0.455755616855621,0.344569409141938,0.56771186987559
D,GAC,1.1196829536438,1.08681095838547,1.15413436392943
E,GAA,0.0139158706783754,-0.061867071967572,0.0914145863304536
F,TTC,1.15402493982315,1.12080786128839,1.18749619325002
G,GGA,-0.414416918969154,-0.466426707307498,-0.362979503969351
G,GGC,0.35518604208827,0.272356989234686,0.439656439671914
G,GGG,-0.0708344564973668,-0.139466050515572,-0.0018211185951562
H,CAC,1.26323646330833,1.22277230123679,1.30508277912935
I,ATA,-0.235750463968515,-0.296052440007528,-0.177949767808119
I,ATC,1.14967289891243,1.12327399750551,1.1757986843586
K,AAA,-0.799371751856804,-0.829211903611819,-0.769019685685635
L,CTA,NA,NA,NA
L,CTC,NA,NA,NA
L,CTG,NA,NA,NA
L,CTT,NA,NA,NA
L,TTA,NA,NA,NA
N,AAC,1.16954855504036,1.14309795598189,1.19596958955129
P,CCA,-0.146027110418677,-0.180994674439232,-0.107875633984804
P,CCC,0.204451234039664,0.129064120848974,0.281637969364723
P,CCG,0.208337393015251,0.107679036011298,0.305830424527327
Q,CAA,0.209954780708253,0.107553081214428,0.317774808903535
R,AGA,-0.934955627298355,-0.972686576843262,-0.892047182718913
R,AGG,-0.793437704825401,-0.900906681021055,-0.687198261419932
R,CGA,-0.870849863004684,-0.956241188943386,-0.789387655258179
R,CGC,0.120215783248082,-0.0296554129881163,0.278735010822614
R,CGG,-0.192053270905533,-0.355838421235482,-0.0479404042164485
S,TCA,-0.678176177310944,-0.707947949568431,-0.647282144924005
S,TCC,0.738080671048164,0.704730482896169,0.772086922824383
S,TCG,-0.338678152143955,-0.420109841972589,-0.255442010859648
T,ACA,-0.645727604055405,-0.699608420828978,-0.595013868312041
T,ACC,0.721627691030502,0.691559602320194,0.752158073087533
T,ACG,0.165426311282802,0.0626462495575349,0.260659605761369
V,GTA,0.203276214966178,0.151497433582942,0.254535525540511
V,GTC,1.21300754189491,1.1815452337265,1.242715254426
V,GTG,-0.0605367334692375,-0.120542299499114,-0.00180958096461836
Y,TAC,1.25760641288757,1.22470613519351,1.29119667410851
Z,AGC,0.539932440912724,0.465261916567882,0.616440145671368
