AA,Codon,Posterior,0.025%,0.975%
A,GCA,-0.565204380691052,-0.613502995173136,-0.517679151395957
A,GCC,-0.184256896653771,-0.245761290192604,-0.123942233622074
A,GCG,-0.28772343698442,-0.418578551709652,-0.164028081670403
C,TGC,-1.02163507122993,-1.17073873579502,-0.876410601039728
D,GAC,-0.807743876218796,-0.903053938349088,-0.7212045053641
E,GAA,0.894180668973923,0.802708967526754,0.995339151223501
F,TTC,0.425964686024189,0.387085065742334,0.464736219247182
G,GGA,0.238475515240431,0.201801105837027,0.276100268463294
G,GGC,-0.586770889651775,-0.693376219769319,-0.487316652387381
G,GGG,-0.0147826146273517,-0.0816446164622903,0.0485626285274823
H,CAC,-0.974875800657272,-1.07913511296113,-0.874666978915532
I,ATA,0.193129879149795,0.154178164278468,0.229617847129703
I,ATC,-0.146145090918243,-0.208950281391541,-0.089464749271671
K,AAA,0.72366889834404,0.657517889638742,0.799902215600014
L,CTA,NA,NA,NA
L,CTC,NA,NA,NA
L,CTG,NA,NA,NA
L,CTT,NA,NA,NA
L,TTA,NA,NA,NA
N,AAC,-0.843851297831535,-0.925828540325165,-0.773775441447894
P,CCA,-0.679179547548294,-0.714295067389806,-0.643331205844879
P,CCC,-0.325716738903522,-0.41659736931324,-0.247707321246465
P,CCG,-0.489415877521038,-0.603176362315814,-0.38663603613774
Q,CAA,1.04351341757774,0.936357767383258,1.16078326503436
R,AGA,-1.2508461499691,-1.29969495733579,-1.19868244230747
R,AGG,-0.967831509947777,-1.06844899058342,-0.875248408317566
R,CGA,0.106051733232662,0.0429139940378567,0.171358571698268
R,CGC,-0.591931388342381,-0.755707403024038,-0.411355656633774
R,CGG,0.101908933481974,-0.0206767269099752,0.229722894728184
S,TCA,-0.0884446305841207,-0.121537202037871,-0.0561155162130793
S,TCC,-0.28555689997673,-0.349537175893784,-0.224558318778873
S,TCG,-0.838474682688713,-0.936071900029977,-0.749985558291276
T,ACA,-0.52680099875927,-0.573496906956037,-0.482636002947887
T,ACC,-0.290259568399191,-0.354145917793115,-0.234248161191742
T,ACG,-0.208887575477362,-0.326564114292463,-0.101978535329302
V,GTA,0.64554426035881,0.602664603789647,0.688296478490035
V,GTC,0.125174181948602,0.0560680300618211,0.189081530148784
V,GTG,-0.308578806173801,-0.379725771397352,-0.245699294780691
Y,TAC,-1.17234578580856,-1.2700057109197,-1.07894274294376
Z,AGC,-0.897467150783539,-1.01073790291945,-0.795525793731213
