AA,Codon,Posterior,2.5%,97.5%
A,GCA,-0.315918633016478,-0.339879766106606,-0.291898146271706
A,GCC,0.683388371698287,0.664346784353256,0.704080015420914
A,GCG,0.892573728960831,0.863237112760544,0.920835465192795
C,TGC,0.552191989820321,0.518820255994797,0.585175782442093
D,GAC,1.04189693441585,1.0220445394516,1.06337141990662
E,GAA,-0.458366452575159,-0.472115561366081,-0.444418296217918
F,TTC,0.830617475347584,0.804137229919434,0.85795721411705
G,GGA,0.109078163956581,0.0770776309072971,0.142183154821396
G,GGC,0.820434494597204,0.798561036586761,0.842437297105789
G,GGG,0.889739774933151,0.856732726097107,0.922794550657272
H,CAC,1.11400974859766,1.07878893613815,1.14777171611786
I,ATA,-0.124666358091411,-0.14736744761467,-0.101189021021128
I,ATC,0.893820277336644,0.871713012456894,0.915287584066391
K,AAA,-0.597158652527339,-0.621815532445908,-0.572888433933258
L,CTA,0.232678630664462,0.213275022804737,0.251710847020149
L,CTC,1.0615784192457,1.03081744909286,1.09143251180649
L,CTG,0.421582512095755,0.402913093566895,0.440486297011375
L,CTT,0.196067697331697,0.170820005238056,0.220746234059334
L,TTA,-0.49547375855995,-0.523313075304031,-0.469860747456551
N,AAC,0.960770088760722,0.933993518352509,0.987895905971527
P,CCA,-0.134683590258707,-0.155161887407303,-0.113261662423611
P,CCC,0.889206865223729,0.858289897441864,0.920754224061966
P,CCG,0.920851371112894,0.887726426124573,0.955152660608292
Q,CAA,-0.508340213237787,-0.526150405406952,-0.489271238446236
R,AGA,-1.48267396356239,-1.50756776332855,-1.45740699768066
R,AGG,-0.900115981763575,-0.933071613311768,-0.866621792316437
R,CGA,-0.298447867409318,-0.361647635698318,-0.23552267998457
R,CGC,0.730087739903657,0.688408404588699,0.77308377623558
R,CGG,0.43639652652056,0.389035642147064,0.483829706907272
S,TCA,-0.330099271255129,-0.352728590369225,-0.30677555501461
S,TCC,0.850895521522569,0.830087006092072,0.871291607618332
S,TCG,0.774575391753775,0.749858438968658,0.799288064241409
T,ACA,-0.326202274191051,-0.348268941044807,-0.305293396115303
T,ACC,0.82916031075401,0.8070048391819,0.849637478590012
T,ACG,0.991446618388434,0.965527266263962,1.01915854215622
V,GTA,0.0335026296148518,0.00744758732616901,0.058940751478076
V,GTC,1.02042519092941,0.997736155986786,1.04332464933395
V,GTG,0.403269441961432,0.383201956748962,0.423326820135117
Y,TAC,0.842680759760724,0.811960816383362,0.873546302318573
Z,AGC,0.648120932939385,0.62384420633316,0.673979341983795
