AA,Codon,Posterior,2.5%,97.5%
A,GCA,-0.301251981376124,-0.32188868522644,-0.282427802681923
A,GCC,0.821852348247369,0.80275684595108,0.840476542711258
A,GCG,0.949996538254701,0.918832331895828,0.980605572462082
C,TGC,0.416086173770143,0.379652231931686,0.45234788954258
D,GAC,1.02191240794179,1.00820034742355,1.03527230024338
E,GAA,-0.760705006260817,-0.778258860111237,-0.744243770837784
F,TTC,0.761581120491981,0.743917226791382,0.779912918806076
G,GGA,-0.165811941128929,-0.188333831727505,-0.14391978085041
G,GGC,0.754556870064894,0.725998878479004,0.782424598932266
G,GGG,0.640482191537104,0.608873218297958,0.670615494251251
H,CAC,1.16007737310731,1.13534581661224,1.18446028232574
I,ATA,-0.023160209660308,-0.0487379003316164,0.000332693249220029
I,ATC,1.00233242779625,0.987932026386261,1.01742750406265
K,AAA,-0.445852843571643,-0.459371507167816,-0.432810917496681
L,CTA,0.540211536154085,0.501387089490891,0.577868670225143
L,CTC,1.5942927424024,1.56260013580322,1.62505900859833
L,CTG,1.36856038615209,1.3279373049736,1.40812391042709
L,CTT,0.657591278626413,0.637946993112564,0.676976650953293
L,TTA,-0.116846892051771,-0.128500431776047,-0.104724951088428
N,AAC,1.02669881282449,1.0112732052803,1.04283761978149
P,CCA,-0.120778510539902,-0.139374077320099,-0.101802948862314
P,CCC,0.781798752223621,0.744196563959122,0.817126095294952
P,CCG,0.91986734227913,0.885122090578079,0.9521564245224
Q,CAA,-0.582213246884321,-0.603788524866104,-0.560254216194153
R,AGA,-1.4830436296627,-1.50647103786469,-1.46016299724579
R,AGG,-0.753806962484553,-0.787520200014114,-0.720858067274094
R,CGA,-0.435507719943829,-0.501589924097061,-0.371973499655724
R,CGC,0.819954777326359,0.758613258600235,0.879645556211472
R,CGG,0.201009864256423,0.128242202103138,0.270944386720657
S,TCA,-0.192686987818122,-0.208626575767994,-0.177253127098083
S,TCC,0.908631748602134,0.890308409929276,0.926710575819016
S,TCG,0.491570513589722,0.472461432218552,0.51137363910675
T,ACA,-0.177131542899474,-0.196857444941998,-0.158233806490898
T,ACC,0.838579474783382,0.820042461156845,0.857175648212433
T,ACG,0.66402601347309,0.635662943124771,0.690626859664917
V,GTA,0.213093684553528,0.18909003585577,0.237244136631489
V,GTC,1.08010717979768,1.06110763549805,1.09870493412018
V,GTG,0.588316353641954,0.565073698759079,0.612310111522675
Y,TAC,0.840311720627682,0.821389377117157,0.860140860080719
Z,AGC,0.654189870649221,0.631925851106644,0.675808191299438
