AA,Codon,Posterior,0.025%,0.975%
A,GCA,-0.327389936006069,-0.348936562985182,-0.306721510241429
A,GCC,0.684105918335915,0.664018472532431,0.703200435638428
A,GCG,0.694387396001816,0.66398069858551,0.724440418183804
C,TGC,0.439311924946308,0.402572966118654,0.475852831204732
D,GAC,0.939780307579041,0.926982829968135,0.953748735288779
E,GAA,-0.700128473830223,-0.717990332345168,-0.681965039173762
F,TTC,0.684297698092461,0.66657176365455,0.702306512494882
G,GGA,-0.127141532599926,-0.150914271920919,-0.103947782330215
G,GGC,0.694934056735039,0.666603087882201,0.722781851390998
G,GGG,0.531845658802986,0.501687333981196,0.562639167904854
H,CAC,1.13315530610085,1.10908694068591,1.15808243155479
I,ATA,-0.0941683497145772,-0.122863705207904,-0.0660385523612301
I,ATC,0.910726013994217,0.8964387545983,0.924895456930002
K,AAA,-0.401238996064663,-0.415949130803347,-0.386653827130795
L,CTA,0,0,0
L,CTC,0,0,0
L,CTG,0,0,0
L,CTT,0,0,0
L,TTA,0,0,0
N,AAC,0.984695481491089,0.968725486596425,1.00061185757319
P,CCA,-0.144809587445855,-0.163094002008438,-0.125876171886921
P,CCC,0.648509382486343,0.611282683412234,0.686877093712489
P,CCG,0.6252974807024,0.593172811965148,0.65811507999897
Q,CAA,-0.497460324597359,-0.519073076049487,-0.474362460275491
R,AGA,-1.42149062948227,-1.44414759576321,-1.39867169658343
R,AGG,-0.788736622881889,-0.823213039338589,-0.752543707191944
R,CGA,-0.507102960550785,-0.570152163505554,-0.44560543547074
R,CGC,0.715496292972565,0.650934793551763,0.777606677015622
R,CGG,-0.0239881846800254,-0.0983895563830932,0.0467204173405965
S,TCA,-0.242627879661322,-0.259491385022799,-0.225037365779281
S,TCC,0.790168621015549,0.772709208230178,0.807676029205322
S,TCG,0.24078108625412,0.220723394180338,0.259948064386845
T,ACA,-0.210489359617233,-0.231149499118328,-0.189226872722308
T,ACC,0.697760279655457,0.67958740144968,0.715257365504901
T,ACG,0.421274564433098,0.392893321067095,0.449585324774186
V,GTA,0.202197281199694,0.175755378603935,0.227312384421627
V,GTC,1.00239945058823,0.984893837074439,1.01973174115022
V,GTG,0.478580005097389,0.455026915421089,0.502736659348011
Y,TAC,0.82624485669136,0.805701503157616,0.846949052810669
Z,AGC,0.63722679669857,0.614857136209806,0.660520734389623
