AA,Codon,Posterior,2.5%,97.5%
A,GCA,0.0524014274987745,0.0206935657188296,0.0831318758428097
A,GCC,1.16872180532999,1.13167035579681,1.20802998542786
A,GCG,1.38580868840933,1.34354162216187,1.43075722455978
C,TGC,0.807982989117318,0.761109948158264,0.857050657272339
D,GAC,1.33255288530378,1.29741472005844,1.36939215660095
E,GAA,-0.923162700747643,-0.961370766162872,-0.887355327606201
F,TTC,0.887793019550984,0.855634450912476,0.922189295291901
G,GGA,0.389788943724554,0.35505898296833,0.424469992518425
G,GGC,1.13473768493549,1.09720718860626,1.17398262023926
G,GGG,1.08005364138524,1.04023325443268,1.12295866012573
H,CAC,1.2464148750881,1.19926917552948,1.29377144575119
I,ATA,0.387814370001473,0.355835229158401,0.419053867459297
I,ATC,1.14614236664648,1.10928875207901,1.18290191888809
K,AAA,-0.440178555138156,-0.476876989006996,-0.405127257108688
L,CTA,0.550182848715963,0.514854699373245,0.582684606313705
L,CTC,1.8320209490495,1.79413294792175,1.87377792596817
L,CTG,1.25476234543567,1.22206765413284,1.28841125965118
L,CTT,0.572921108312961,0.540415376424789,0.607005327939987
L,TTA,-0.453953757947657,-0.499840885400772,-0.411077603697777
N,AAC,0.97338597884611,0.93777060508728,1.01318389177322
P,CCA,-0.170138014040318,-0.201924473047256,-0.137554377317429
P,CCC,1.2657260737482,1.22324514389038,1.31088119745255
P,CCG,1.20300671078119,1.15635347366333,1.24985766410828
Q,CAA,-0.678138876666741,-0.718070685863495,-0.641166001558304
R,AGA,-0.980611467590241,-1.01987165212631,-0.942329853773117
R,AGG,-0.50440046801323,-0.544191181659698,-0.465326890349388
R,CGA,0.423453619519695,0.365550175309181,0.479093387722969
R,CGC,1.290801666251,1.23256814479828,1.34984260797501
R,CGG,0.971546863708816,0.917541027069092,1.02835834026337
S,TCA,0.0918222220636151,0.0591981783509254,0.12414763122797
S,TCC,1.07856529367204,1.04217523336411,1.11578917503357
S,TCG,1.29339026337097,1.25367903709412,1.33547610044479
T,ACA,0.113617523743517,0.0828150026500225,0.145267628133297
T,ACC,1.00639664828896,0.96804341673851,1.04649120569229
T,ACG,1.22732024257634,1.18342214822769,1.27543574571609
V,GTA,0.537220646647728,0.503587871789932,0.569822192192078
V,GTC,1.37504053745018,1.33567255735397,1.41403084993362
V,GTG,0.971185765925144,0.933987230062485,1.01000964641571
Y,TAC,0.982891194704102,0.941104710102081,1.02419382333755
Z,AGC,0.766305683208246,0.727357804775238,0.805398911237717
