AA,Codon,Posterior,0.025%,0.975%
A,GCA,-1.36553007918596,-1.54562532603741,-1.18902280628681
A,GCC,-5.59850650763512,-5.7267973502477,-5.47703649202983
A,GCG,-7.51033645415306,-7.6761607726415,-7.36385511557261
C,TGC,-4.94132896184921,-5.1891879717509,-4.67491401433945
D,GAC,-7.19633807826042,-7.32170819044113,-7.06623160441717
E,GAA,6.82385369777679,6.67779154380163,6.96724369128545
F,TTC,-4.76943201971054,-4.92021293640137,-4.62552085320155
G,GGA,0.49067072455585,0.298618486771981,0.632704214255015
G,GGC,-6.75554158687592,-6.92351127465566,-6.61100051005681
G,GGG,-5.16620915532112,-5.28695508241653,-5.00933754841487
H,CAC,-6.36374653673172,-6.56836231152217,-6.16036145289739
I,ATA,0.556401525080204,0.361208431919416,0.795641925434271
I,ATC,-5.88464958429337,-6.03423984845479,-5.70844524701436
K,AAA,6.19518309998512,6.05199606815974,6.34369263648987
L,CTA,0.778097396552563,0.564980316658815,0.99307537128528
L,CTC,-5.09176929330826,-5.23131247758865,-4.98001811107
L,CTG,-7.11555735898018,-7.25382319291433,-6.96890050172806
L,CTT,0.705400426715612,0.599070514241854,0.828403304020564
L,TTA,6.77365006399155,6.64503577550252,6.89745525121689
N,AAC,-6.62269326114655,-6.80168183644613,-6.44150452613831
P,CCA,0.442994571961463,0.263678788393736,0.587420938412348
P,CCC,-5.21913320231438,-5.38127024571101,-5.06999811331431
P,CCG,-6.52506906628609,-6.69670762618383,-6.37709517081579
Q,CAA,7.02576189827919,6.85489948193232,7.19213681221008
R,AGA,3.04855755662918,2.81655466953913,3.32313780585925
R,AGG,1.33901848876476,1.11791219909986,1.56421558757623
R,CGA,1.10656755748391,0.964241324365139,1.24663134515286
R,CGC,-6.82171470832825,-6.96347959041595,-6.65893268585205
R,CGG,-5.02569039511681,-5.13820482492447,-4.88216056426366
S,TCA,1.35199578565359,1.12674507101377,1.66497699022293
S,TCC,-4.32034991598129,-4.4758917093277,-4.15500309467316
S,TCG,-6.31958449935913,-6.50635235706965,-6.13514455954234
T,ACA,-1.17554138794541,-1.34717036585013,-1.01270156006018
T,ACC,-5.16416354417801,-5.32600019375483,-4.9749578555425
T,ACG,-7.28023793959618,-7.41951667865117,-7.13725049495697
V,GTA,0.002630165306462,-0.162452023724715,0.189114324003458
V,GTC,-5.42661627745628,-5.55427674055099,-5.28789418538411
V,GTG,-7.53840519857407,-7.69424823125203,-7.39682324330012
Y,TAC,-6.7237690141201,-6.89673679272334,-6.54822363058726
Z,AGC,-6.24535698008537,-6.478309349219,-6.01730971336365
