AA,Codon,Posterior,2.5%,97.5%
A,GCA,-0.578078127774845,-0.596172124147415,-0.560017585754395
A,GCC,0.488095515015506,0.470506519079208,0.505249589681625
A,GCG,0.627677610949105,0.595073848962784,0.661798417568207
C,TGC,0.274100647204783,0.240137353539467,0.307805463671684
D,GAC,0.801848097593009,0.787319183349609,0.816446006298065
E,GAA,-0.417673413727771,-0.430025324225426,-0.405456572771072
F,TTC,0.904675544857359,0.887377023696899,0.921944409608841
G,GGA,-0.0871917405431984,-0.108394924551249,-0.0654056742787361
G,GGC,0.449622489246832,0.426991865038872,0.472200736403465
G,GGG,0.550435703976161,0.510889858007431,0.590205281972885
H,CAC,0.683221490585246,0.655552297830582,0.710175335407257
I,ATA,0.157006192390845,0.125704683363438,0.187872745096684
I,ATC,0.654419704991691,0.640224933624268,0.66969633102417
K,AAA,-0.461502085228721,-0.475324898958206,-0.447518199682236
L,CTA,0.666151037315329,0.622530549764633,0.712439268827438
L,CTC,1.27188550968353,1.2485408782959,1.29592835903168
L,CTG,0.821459439004816,0.76943901181221,0.874034285545349
L,CTT,0.596074957363322,0.576333463191986,0.615489959716797
L,TTA,0.449432545878896,0.42982716858387,0.469119861721992
N,AAC,0.60269321703234,0.586043268442154,0.620086699724197
P,CCA,-0.461026472992441,-0.481561586260796,-0.441129177808762
P,CCC,0.423255181941734,0.396911695599556,0.450521320104599
P,CCG,0.433565123159377,0.39717510342598,0.469699546694756
Q,CAA,-0.689967850550133,-0.709655553102493,-0.669969230890274
R,AGA,-0.960973882832464,-0.986223816871643,-0.935936361551285
R,AGG,-0.404190986919575,-0.437736302614212,-0.36897648870945
R,CGA,-0.860884383481677,-0.911092519760132,-0.811736762523651
R,CGC,0.234837307465501,0.186443686485291,0.278314605355263
R,CGG,0.090979578558017,0.0235867034643888,0.156213127076626
S,TCA,-0.309799218716406,-0.325050547719002,-0.293951973319054
S,TCC,0.578792299069866,0.559937745332718,0.599081486463547
S,TCG,0.233191628192292,0.212342619895935,0.253544449806213
T,ACA,-0.388493301819821,-0.406406968832016,-0.370797321200371
T,ACC,0.582382919835072,0.564209252595901,0.600246548652649
T,ACG,0.605277364490414,0.574200063943863,0.636249095201492
V,GTA,0.275734306859379,0.248589992523193,0.302255496382713
V,GTC,0.929361401058016,0.910762429237366,0.948163598775864
V,GTG,0.226984094108929,0.206436492502689,0.24704398214817
Y,TAC,0.446715514274275,0.425731554627419,0.468451783061028
Z,AGC,0.439649473209945,0.41776117682457,0.462265595793724
