AA,Codon,Posterior,0.025%,0.975%
A,GCA,-0.13908514867723,-0.161005438243349,-0.117612905924519
A,GCC,0.205686075609922,0.189718957990408,0.221801021570961
A,GCG,0.634156018400192,0.604162293175856,0.662287769218286
C,TGC,0.102309655550122,0.070268989354372,0.13559650691847
D,GAC,0.141671718651056,0.128836214542389,0.155472690612078
E,GAA,-0.511125312662125,-0.523831967512767,-0.498301041126251
F,TTC,0.373447075366974,0.356702849268913,0.390755209575097
G,GGA,-0.389051776719093,-0.408731022228797,-0.369973294933637
G,GGC,0.0440527955854544,0.0175337683099012,0.0701551346108317
G,GGG,0.49269436378479,0.454121448844671,0.531647332012653
H,CAC,0.360518969249725,0.33870930497845,0.382599541296562
I,ATA,0.133587256079912,0.0986343174551924,0.167236860468984
I,ATC,0.243990225493908,0.229687494287888,0.259521502504746
K,AAA,-0.270412419778109,-0.287982799609502,-0.252739244451125
L,CTA,NA,NA,NA
L,CTC,NA,NA,NA
L,CTG,NA,NA,NA
L,CTT,NA,NA,NA
L,TTA,NA,NA,NA
N,AAC,0.18963786700964,0.172745415816704,0.206699050838749
P,CCA,-0.187900662821531,-0.205709486206373,-0.170429839690526
P,CCC,0.187310512113571,0.165811193361878,0.209708951537808
P,CCG,0.3389339209795,0.302024085323016,0.375099424272776
Q,CAA,-0.226196153593063,-0.24395270285507,-0.208202519267797
R,AGA,-0.46847998585701,-0.489251665274302,-0.44748720129331
R,AGG,0.198293638342619,0.162004177396496,0.233651925499241
R,CGA,-0.670836302137375,-0.720759051044782,-0.622317869464556
R,CGC,0.0171343443064929,-0.0212365178701778,0.0552296208528181
R,CGG,0.0248104330226077,-0.0155716533772647,0.0654309482003252
S,TCA,-0.013658256885194,-0.0342743948412438,0.00804680636307845
S,TCC,0.220252805364132,0.203125467399756,0.236560401817163
S,TCG,0.0195838933492778,0.00142735180658444,0.0375799473995964
T,ACA,-0.0944053161114454,-0.118508436717093,-0.0714143926898638
T,ACC,-0.104069542655349,-0.120403084220986,-0.0882309937228759
T,ACG,0.387218939208984,0.359173534065485,0.414016554504633
V,GTA,0.442463707876205,0.417238626380761,0.467280938227971
V,GTC,0.485493862235546,0.46851254577438,0.501998243729273
V,GTG,-0.10195026127696,-0.118374644778669,-0.0857624992728233
Y,TAC,-0.0310071071636834,-0.0503168041196962,-0.0117486137353505
Z,AGC,0.0591827720955014,0.0357208805158734,0.0829824445148309
