AA,Codon,Posterior,2.5%,97.5%
A,GCA,0.163335613718704,0.140563599765301,0.185341864824295
A,GCC,0.649068821220101,0.624122768640518,0.67392772436142
A,GCG,1.41860880116757,1.39040166139603,1.44807606935501
C,TGC,0.74365866670414,0.707401156425476,0.780960023403168
D,GAC,0.931867382803806,0.908752739429474,0.956667929887772
E,GAA,-1.10261278369817,-1.12145137786865,-1.08400899171829
F,TTC,0.574405915591298,0.549683123826981,0.600084811449051
G,GGA,0.629205224848613,0.601634353399277,0.656865686178207
G,GGC,1.0688350202083,1.04445350170135,1.09273773431778
G,GGG,1.27687616250077,1.24947768449783,1.30297160148621
H,CAC,0.948777955491654,0.91742080450058,0.980666130781174
I,ATA,0.445059340961072,0.424914255738258,0.464683935046196
I,ATC,0.757503670365846,0.733582645654678,0.783105701208115
K,AAA,-0.56466354531605,-0.584469884634018,-0.545246809720993
L,CTA,0.563932573709522,0.543146282434464,0.583191245794296
L,CTC,1.82996748080972,1.80237001180649,1.85718947649002
L,CTG,1.14912648855901,1.12619918584824,1.17261832952499
L,CTT,0.737338461264855,0.713708192110062,0.761093884706497
L,TTA,-0.267902156892942,-0.294511273503304,-0.244014278054237
N,AAC,0.662253261446619,0.636663883924484,0.687939256429672
P,CCA,-0.268273007912619,-0.290788307785988,-0.244743630290031
P,CCC,0.865735656568786,0.833874255418777,0.897037506103516
P,CCG,1.11580985920375,1.08271497488022,1.14862251281738
Q,CAA,-1.12043261485117,-1.14435106515884,-1.09679442644119
R,AGA,-1.26816946661315,-1.2941717505455,-1.24243342876434
R,AGG,-0.323286727231677,-0.354106470942497,-0.292294755578041
R,CGA,0.662466943073349,0.618325680494308,0.704588711261749
R,CGC,1.29432712283815,1.25045174360275,1.34022212028503
R,CGG,1.55596404455033,1.5075523853302,1.60657918453217
S,TCA,0.0229967775550852,0.000785395503044128,0.0448708478361368
S,TCC,0.664885208064296,0.641235649585724,0.689706355333328
S,TCG,1.0803230186788,1.05402916669846,1.106261074543
T,ACA,0.0155485177510773,-0.00578899029642344,0.0363391358405352
T,ACC,0.653079174652618,0.628765732049942,0.678205043077469
T,ACG,1.09338005896999,1.06535565853119,1.12162202596664
V,GTA,0.541209012949195,0.516035556793213,0.566732853651047
V,GTC,0.855483292913685,0.828906297683716,0.883617788553238
V,GTG,0.944296330463786,0.916037648916245,0.973443299531937
Y,TAC,0.641649991690946,0.612280040979385,0.672384262084961
Z,AGC,0.65472906401328,0.627546072006226,0.682358235120773
