AA,Codon,Posterior,2.5%,97.5%
A,GCA,-0.392382028816891,-0.415975749492645,-0.368438154459
A,GCC,0.47083692240124,0.452166453003883,0.490167766809464
A,GCG,0.931829887526076,0.887446284294128,0.978131324052811
C,TGC,0.772626488769307,0.728067934513092,0.815685153007507
D,GAC,1.24375714163264,1.2275458574295,1.25877773761749
E,GAA,-0.684895498902261,-0.705315381288528,-0.663312196731567
F,TTC,0.633781924361184,0.6139155626297,0.653971612453461
G,GGA,0.0178133855869359,-0.0144730471074581,0.0471884980797768
G,GGC,1.12658017075381,1.09169417619705,1.16074365377426
G,GGG,0.589849840946457,0.559939742088318,0.617104172706604
H,CAC,1.38256019751866,1.35658729076385,1.40962255001068
I,ATA,0.0712133180823919,0.0414102878421545,0.0987436547875404
I,ATC,0.867537079144363,0.852408647537231,0.883725792169571
K,AAA,-0.424323760726746,-0.439884930849075,-0.409167349338531
L,CTA,0.594557388121488,0.576781034469604,0.614130318164825
L,CTC,1.29742721956475,1.26004368066788,1.33271676301956
L,CTG,0.821902819058267,0.788583785295486,0.855374574661255
L,CTT,0.507034970659678,0.483706891536713,0.530301094055176
L,TTA,-0.350833000444689,-0.364147901535034,-0.336654990911484
N,AAC,1.07085923627108,1.05421257019043,1.08788532018661
P,CCA,-0.304741674628271,-0.325572982430458,-0.283254459500313
P,CCC,0.432268030569106,0.400612518191338,0.462280318140984
P,CCG,0.702703473950233,0.659082800149918,0.745741605758667
Q,CAA,-0.826897707523131,-0.854402542114258,-0.797727316617966
R,AGA,-1.35026329863029,-1.37313252687454,-1.32816743850708
R,AGG,-0.754721870926655,-0.793904334306717,-0.715183913707733
R,CGA,-0.475904435705824,-0.546147018671036,-0.40859991312027
R,CGC,1.19649167701465,1.12675821781158,1.26397305727005
R,CGG,0.573136932906605,0.47356852889061,0.666718184947968
S,TCA,-0.326597787841994,-0.346764162182808,-0.307190760970116
S,TCC,0.400691972880876,0.383693531155586,0.418662026524544
S,TCG,0.6600987770137,0.626845985651016,0.691033631563187
T,ACA,-0.289345585289406,-0.309528782963753,-0.269417032599449
T,ACC,0.670264419962148,0.652138084173203,0.68920361995697
T,ACG,0.538890552361075,0.50566291809082,0.572589665651321
V,GTA,0.12385705020167,0.0974707342684269,0.149172738194466
V,GTC,0.687952396155643,0.668622642755508,0.707012951374054
V,GTG,0.262366503393683,0.239458009600639,0.284354522824287
Y,TAC,0.938660783822038,0.916680514812469,0.961141526699066
Z,AGC,0.934374182522654,0.905924111604691,0.963804572820663
