AA,Codon,Posterior,2.5%,97.5%
A,GCA,-0.214245963470786,-0.233567774295807,-0.193985253572464
A,GCC,0.423897398252194,0.406685635447502,0.44022861123085
A,GCG,0.625310682716583,0.596904069185257,0.65288257598877
C,TGC,0.264466364727598,0.233187615871429,0.295837759971619
D,GAC,0.7351725486363,0.722640037536621,0.747994005680084
E,GAA,-0.654008602771889,-0.668351113796234,-0.639711201190948
F,TTC,0.598304412094224,0.582112461328506,0.614321410655975
G,GGA,0.033742634977055,0.00655651022680104,0.0609108433127403
G,GGC,0.401490089918127,0.37836979329586,0.42389877140522
G,GGG,0.697137062261697,0.666578441858292,0.726016640663147
H,CAC,0.746399448376472,0.726590663194656,0.766575455665588
I,ATA,0.0299462790772311,0.00721003278158605,0.0514049287885427
I,ATC,0.669920255569685,0.656615912914276,0.683701545000076
K,AAA,-0.549339706375331,-0.561860829591751,-0.536466747522354
L,CTA,0.469635095430917,0.452752634882927,0.486648410558701
L,CTC,1.09891908205018,1.06767022609711,1.12972211837769
L,CTG,0.560309323512378,0.538753062486649,0.581515043973923
L,CTT,0.444420080609629,0.424037277698517,0.464113906025887
L,TTA,-0.168417266717867,-0.181843303143978,-0.154565572738647
N,AAC,0.614634954538502,0.60063111782074,0.628823727369308
P,CCA,-0.0664951210422237,-0.0847518853843212,-0.0477624386548996
P,CCC,0.482160666211993,0.457682743668556,0.506328612565994
P,CCG,0.585560013489073,0.554739654064178,0.615886807441711
Q,CAA,-0.502355045137382,-0.52273041009903,-0.482439070940018
R,AGA,-1.21165591661857,-1.23165225982666,-1.19269466400146
R,AGG,-0.80873833687865,-0.837139666080475,-0.780471295118332
R,CGA,-0.16060799423133,-0.210052140057087,-0.10969502851367
R,CGC,0.487745689754722,0.448359593749046,0.527270615100861
R,CGG,0.416930483870867,0.360024482011795,0.473656058311462
S,TCA,-0.0663045549937269,-0.083730798214674,-0.0489784795790911
S,TCC,0.520444820507294,0.505930364131927,0.534826368093491
S,TCG,0.641094789606054,0.617677330970764,0.664503544569016
T,ACA,-0.166705850659252,-0.185023196041584,-0.148989856243134
T,ACC,0.541421876102388,0.525333255529404,0.557990670204163
T,ACG,0.487308204174042,0.462589293718338,0.511846989393234
V,GTA,0.147291514833347,0.124361865222454,0.169796980917454
V,GTC,0.723652699169089,0.706899106502533,0.740051507949829
V,GTG,0.377680549248368,0.357578933238983,0.397977411746979
Y,TAC,0.498742058569314,0.480369180440903,0.517252057790756
Z,AGC,0.359964886149231,0.339833334088326,0.380411610007286
