AA,Codon,Posterior,2.5%,97.5%
A,GCA,-0.157835363352694,-0.182684138417244,-0.133287616074085
A,GCC,0.495620375464126,0.471018344163895,0.519521743059158
A,GCG,0.70298566848266,0.67991915345192,0.725887924432755
C,TGC,0.10863133516462,0.0670009143650532,0.150441288948059
D,GAC,0.680056953682798,0.64832216501236,0.711133688688278
E,GAA,-0.466071240642651,-0.49313959479332,-0.439099356532097
F,TTC,0.362575548260463,0.326967194676399,0.398642688989639
G,GGA,-0.401905831624298,-0.426464930176735,-0.378826782107353
G,GGC,-0.0319896537798532,-0.0557389259338379,-0.00824883067980409
G,GGG,-0.0804284933495705,-0.115494105964899,-0.0475031044334173
H,CAC,0.807718106528751,0.769478172063828,0.845301896333694
I,ATA,0.0422931285511844,0.0123800719156861,0.0714065171778202
I,ATC,0.489940665474609,0.453717440366745,0.526396065950394
K,AAA,-0.395045346877233,-0.435473516583443,-0.356365188956261
L,CTA,-0.078961605177831,-0.107044201344252,-0.050901161506772
L,CTC,0.299150938316375,0.257662326097488,0.339850574731827
L,CTG,0.208530943490705,0.174256205558777,0.241982191801071
L,CTT,-0.402397578428002,-0.426081702113152,-0.379110351204872
L,TTA,-0.165256620505032,-0.217394828796387,-0.117756303399801
N,AAC,0.578242048341148,0.537068486213684,0.620471060276031
P,CCA,-0.0808558154036431,-0.102659236639738,-0.0605303999036551
P,CCC,0.709814790271369,0.679224580526352,0.740094393491745
P,CCG,0.647694104411801,0.621661514043808,0.673276871442795
Q,CAA,-0.346918615792952,-0.387603342533112,-0.307053744792938
R,AGA,-0.54076694394769,-0.574599474668503,-0.507030367851257
R,AGG,-0.358720907029129,-0.398183807730675,-0.320834696292877
R,CGA,-0.533925432126458,-0.567447036504745,-0.50327405333519
R,CGC,0.146022255276618,0.11595655977726,0.176489718258381
R,CGG,-0.171150416791177,-0.205344513058662,-0.138347484171391
S,TCA,-0.138176165431774,-0.167276121675968,-0.109646465629339
S,TCC,0.477513122170127,0.452266022562981,0.502778440713882
S,TCG,0.679525526558481,0.654797166585922,0.70446640253067
T,ACA,-0.245905248475809,-0.274277999997139,-0.217545263469219
T,ACC,0.353430739704107,0.324227944016457,0.384897112846375
T,ACG,0.520830505624002,0.494427964091301,0.547293454408646
V,GTA,0.569658333971137,0.538448572158813,0.59941178560257
V,GTC,0.688925162571423,0.652289837598801,0.725499361753464
V,GTG,0.489522236018408,0.465680956840515,0.514234334230423
Y,TAC,0.629406946890357,0.591518342494965,0.670796006917953
Z,AGC,-0.00708383698354931,-0.0415592528879642,0.0294993007555604
