AA,Codon,Posterior,2.5%,97.5%
A,GCA,-0.453486570271431,-0.487690940499306,-0.419906035065651
A,GCC,0.913073155509143,0.892000615596771,0.935360223054886
A,GCG,1.02309503244524,0.952443152666092,1.09986406564713
C,TGC,0.684458218446401,0.628365218639374,0.739771813154221
D,GAC,1.70097424372917,1.68239450454712,1.7197676897049
E,GAA,-0.828089670437138,-0.867991626262665,-0.78862676024437
F,TTC,1.18296805442404,1.15457332134247,1.21232432126999
G,GGA,-0.167601195723712,-0.223797060549259,-0.111317746341228
G,GGC,0.715056939846704,0.66972541809082,0.759272664785385
G,GGG,0.629199707999033,0.581752806901932,0.674680590629578
H,CAC,1.73978915213585,1.70775526762009,1.77153760194778
I,ATA,-0.0400630066556865,-0.0841766372323036,0.00588697148486972
I,ATC,1.21817585193172,1.19990575313568,1.23597502708435
K,AAA,-1.1613221565088,-1.17936152219772,-1.1439933180809
L,CTA,0.13405020023193,0.102802366018295,0.164498455822468
L,CTC,1.10313658099897,1.02736103534698,1.16974824666977
L,CTG,0.73478877789876,0.667756468057632,0.800034463405609
L,CTT,0.120395116061151,0.0841320417821407,0.157967895269394
L,TTA,-0.965575425994725,-0.980835497379303,-0.950986444950104
N,AAC,1.66523495706164,1.64206606149673,1.68911963701248
P,CCA,-0.1027712728642,-0.129435814917088,-0.0748324580490589
P,CCC,0.720598817586613,0.670171827077866,0.769607216119766
P,CCG,0.990779068459515,0.922596156597137,1.05746656656265
Q,CAA,-0.97021549015415,-1.01655721664429,-0.923909366130829
R,AGA,-1.14444971332451,-1.16746979951859,-1.12130582332611
R,AGG,-0.336428462892997,-0.393789663910866,-0.281039863824844
R,CGA,-0.678309506032525,-0.765663594007492,-0.590575605630875
R,CGC,0.666681446751705,0.575206071138382,0.765617787837982
R,CGG,0.209946421380505,0.0746787190437317,0.335637599229813
S,TCA,-0.36023469941943,-0.384973019361496,-0.335487246513367
S,TCC,1.04986625306847,1.03072452545166,1.06820613145828
S,TCG,0.953871920293734,0.906446278095245,0.999157637357712
T,ACA,-0.244246495939026,-0.273506194353104,-0.215799108147621
T,ACC,1.20688499888626,1.18701410293579,1.22651928663254
T,ACG,0.937371313285942,0.8705213367939,1.00213813781738
V,GTA,-0.0942772784706403,-0.12897052615881,-0.0614714920520782
V,GTC,1.22559632491417,1.20328456163406,1.24812608957291
V,GTG,0.602265552347634,0.558975487947464,0.645070880651474
Y,TAC,1.66073625247891,1.63209736347198,1.6884526014328
Z,AGC,0.93545702441794,0.900861173868179,0.969865143299103
