AA,Codon,Posterior,2.5%,97.5%
A,GCA,-0.0808509004856052,-0.100034981966019,-0.0620359275490046
A,GCC,0.438006589158637,0.420426547527313,0.454845458269119
A,GCG,0.629124218084868,0.603109210729599,0.655417859554291
C,TGC,0.158147173165465,0.126871794462204,0.189982697367668
D,GAC,0.721393488088354,0.708350956439972,0.734643667936325
E,GAA,-0.225107839105369,-0.237864449620247,-0.212614171206951
F,TTC,0.159642455411977,0.143408589065075,0.176999315619469
G,GGA,0.150064786640657,0.124822169542313,0.175562612712383
G,GGC,0.556226423386334,0.531529426574707,0.580931931734085
G,GGG,0.639983476662054,0.610432475805283,0.668661683797836
H,CAC,0.696640474898298,0.673351556062698,0.719635546207428
I,ATA,0.0566928560427743,0.0306014884263277,0.0820552706718445
I,ATC,0.230148426643232,0.215729296207428,0.245506376028061
K,AAA,-0.0295408806807903,-0.0424688048660755,-0.016386466100812
L,CTA,0.597559885161727,0.580421775579453,0.614415913820267
L,CTC,0.681658479343744,0.655980229377747,0.706292539834976
L,CTG,0.340853043362314,0.320380836725235,0.360420346260071
L,CTT,0.4288402743718,0.409068152308464,0.449013948440552
L,TTA,0.30240815012801,0.283994346857071,0.320556730031967
N,AAC,0.491360202640212,0.475032314658165,0.508249759674072
P,CCA,-0.189368860548089,-0.208936013281345,-0.169868178665638
P,CCC,0.423882596173891,0.396089345216751,0.450253173708916
P,CCG,0.4265817628413,0.395917609333992,0.457595303654671
Q,CAA,-0.214070676017503,-0.23053964227438,-0.195946246385574
R,AGA,-0.977978138554721,-0.998399943113327,-0.958510667085648
R,AGG,-0.636470716460044,-0.665158599615097,-0.60944676399231
R,CGA,-0.390202434384217,-0.440455481410027,-0.34246189892292
R,CGC,0.50646048476819,0.468981772661209,0.54327729344368
R,CGG,0.395334426818586,0.347238913178444,0.441727057099342
S,TCA,-0.202429600664731,-0.22374465316534,-0.182848960161209
S,TCC,0.484981381549973,0.467337518930435,0.502640694379807
S,TCG,0.208964341994478,0.187805436551571,0.229812897741795
T,ACA,-0.0677779741728249,-0.0889693573117256,-0.0476343967020512
T,ACC,0.536933454953399,0.519229710102081,0.554771512746811
T,ACG,0.500388577681739,0.475987732410431,0.524483442306519
V,GTA,0.30864906755508,0.28501895070076,0.333369880914688
V,GTC,0.415217885705101,0.399518489837646,0.431918933987617
V,GTG,0.132707333294261,0.114421669393778,0.150865562260151
Y,TAC,0.178552400667827,0.160043813288212,0.198154412209988
Z,AGC,0.365422987213425,0.345031589269638,0.38664111495018
